participant_id,RestingState,SAIIT_2AFC_Block1,SAIIT_2AFC_Block2,SAIIT_2AFC_Block3,SurroundSupp_Block1,SurroundSupp_Block2,WISC_ProcSpeed,vis_learn,Video-DM,Video-FF,Video-WK,Video-TP
NDARAA408JMA,95401978,112925067,83305401,63807490,86080025,81089364,44695545,76773666,47242666,45943390,32818342,56131868
NDARAB634CP7,125509365,60934432,82526318,60074762,85654672,64193140,47993901,76223699,0,0,0,0
NDARAE245YC7,97866933,78366655,0,0,80951132,0,44303756,61001251,56177095,53539403,58994024,56628121
NDARAG959XTG,0,42003630,34311770,0,52297827,0,23868819,42465102,27948317,22445932,36191364,28237553
NDARAH276NPP,0,0,37578679,35019275,51751844,41520680,23571026,31658018,24158563,23619692,16768853,28950142
NDARAM170JXG,0,0,0,0,39893075,0,24386842,39346116,32694801,40833892,20376220,27604550
NDARAP654FVP,100159066,124074941,127486615,92764073,87052174,96820572,44333300,58840354,47950452,46051909,34097322,57445866
NDARAR841XX5,0,509580348,69914567,91218160,0,92433660,0,0,49084186,48349512,33990102,58302042
NDARAT876TZH,98636158,90254061,66791814,95701733,73115249,116103471,0,0,48438141,46688757,33217597,56238501
NDARAU513KLB,99457606,111914923,0,0,112654287,0,180373774,37127339,0,0,70696877,0
NDARAV021BGC,0,0,0,0,37267796,0,24168980,33274033,0,0,0,0
NDARAV160YUL,0,0,0,0,0,0,21558372,30203390,31504146,27738467,20628482,28143050
NDARAX256WAC,0,29546241,34318846,33795214,52451133,40533582,28281906,51932140,23738350,23099753,16440675,28076612
NDARAX310KGP,153291671,70153068,83333437,82322338,78239431,83967497,69091668,76043422,48437827,47322644,33770055,57995914
NDARAX700TR4,0,0,37075115,47920995,39084870,51936981,59094938,9770511,24301786,22351699,16774224,28427719
NDARAY581YVJ,0,489208039,67299797,66313778,0,0,0,0,46657916,45432140,43571282,55383738
NDARAZ370YRF,190101234,0,0,0,0,0,0,0,55314354,55289116,40953128,57391807
NDARBC072ZTZ,0,28473856,33520007,32276893,42893188,39451935,63165314,51179626,23305300,22333498,16047343,27687063
NDARBD681AAN,154650765,75579656,71039395,86407370,75981393,0,47127146,76347007,48594406,47568923,44287608,58441651
NDARBE052JRG,0,28743624,0,0,35706905,0,21870301,59437382,0,81211825,0,0
NDARBG014EZW,0,0,0,0,0,0,29991202,25654174,36902261,24554788,18669858,25387730
NDARBG672ZAY,0,30859883,32658999,33492290,41887265,0,23145463,49159442,22992451,23565620,21282618,27529543
NDARBK051RPR,104791582,67165973,67977068,70671336,80901028,84344230,44276377,86995358,48338024,46195993,33082090,57018677
NDARBK887DTY,0,0,190250685,0,190733730,0,56571975,37067118,24876319,0,0,0
NDARBT041ZVD,0,37598846,84077417,0,45513666,39813391,22075232,42210565,0,96054295,0,28275986
NDARBU536MBB,43483650,313205078,34591950,40191234,39321381,42669924,23662777,50836545,24740517,23447129,16999448,29157387
NDARBU638RCC,0,0,0,0,0,0,0,0,0,0,0,0
NDARBV174WZW,105470678,88382804,69835772,72556546,83472477,97425242,45877004,81171114,50052246,47544360,34520951,59049416
NDARBV702GXD,0,39549261,34228620,64286584,56641945,42105507,41671664,37823765,24379831,23377829,16935451,29321872
NDARBY526RLB,0,51927665,100510941,0,40130021,42622673,36315655,29149466,0,0,16688475,28545500
NDARCA900TPD,49572520,43183171,39187097,44224048,94150686,43249263,22978257,58557175,24378473,23214257,16762344,28651433
NDARCB955UGN,122312691,0,0,0,46682140,0,40280118,59144127,52534175,49283507,37967334,56156693
NDARCC489EJG,0,29680412,34609310,35044967,36335766,0,23108465,29651758,23507812,23188878,20641567,27936398
NDARCD303NCU,102607388,68655620,74742890,69682877,87134134,80544513,44439485,81718362,47080364,46213415,32499942,55637801
NDARCE396XJC,0,0,0,0,0,45851438,0,0,28394114,22974735,20919893,28547123
NDARCH556DM5,95790647,0,0,0,74289890,0,0,0,0,0,0,0
NDARCH706VKG,95398082,76894849,83401240,0,68834434,0,44245723,61537315,66535160,45177950,39169848,54835877
NDARCJ372MF0,94502246,82290072,78772975,67352027,71512432,89877190,57423856,122928839,45644331,44634113,31716716,54681020
NDARCK338GYD,91166330,80601517,66587088,80890357,64162532,85814168,42941324,63723746,43970545,42644752,30911691,52975677
NDARCL431HGF,162720913,172528469,495489637,0,86174657,0,100888685,109841750,0,0,177145113,0
NDARCL936UBX,103706150,128009778,0,0,154416430,119523294,86763716,0,56908204,53596778,32889962,54729754
NDARCM861RWX,146804656,0,0,0,0,0,0,0,60271609,53284206,52433363,57590097
NDARCP003NM8,0,0,41657758,40061490,44689093,52264581,31615471,35567617,24750416,24112617,17054978,29576273
NDARCR436HL3,2564,45966185,0,0,0,0,74210470,40115977,28778962,28532136,22018172,27830051
NDARCT688XY8,0,0,0,0,0,0,26355511,43736981,30053566,36285784,29608808,28485128
NDARCU334XGH,0,55037026,113067639,0,45304493,42668872,32769747,53329890,0,0,16456435,28313425
NDARCU939PDG,0,0,0,0,0,0,22386694,38316473,47419543,27441966,22044163,28585709
NDARCV271ZWR,0,0,0,0,184818085,0,103821404,0,54704131,50167440,37510090,56463576
NDARCX275WX1,119431853,111943187,0,0,87836222,0,90023724,67930429,81031862,70876818,52845818,57844894
NDARCX563TDZ,0,505123454,82804450,76728324,0,85385703,0,0,48541301,47800090,33153222,57142609
NDARCZ259CBP,0,0,0,0,0,0,27785621,48623291,30271369,34878300,33566975,28469456
NDARDA249WR2,0,0,0,0,0,0,22086050,35761532,27726486,26210438,20573272,26616848
NDARDE253APN,0,27955470,32886574,54879730,41891969,47039571,22492940,0,22272217,21367431,15702451,26699230
NDARDE432HL7,2020,28605618,34728296,77477209,36903238,49577671,38329305,29617993,0,22993679,16650003,28608032
NDARDF633WZH,0,0,45103677,37362123,42329950,51601651,24191911,67522803,24247378,23021264,16772199,28768024
NDARDF655GF2,157990714,126719467,121273379,79863028,90503280,107578304,72538651,84261782,47204754,45309619,32741922,56413038
NDARDG153PYN,0,30047101,46187805,34329885,44133570,0,43907474,63415845,23325099,22493033,20662524,27742547
NDARDL605EPP,113547684,140250678,465851713,0,76509021,0,101002695,95730442,46143157,0,0,0
NDARDM490UUQ,99551379,79241440,118021890,65783414,79428863,92836854,87207751,97815002,48173779,46716851,33432367,57343623
NDARDN464KAR,97140088,84162952,0,0,81418707,0,84114534,107465457,56422684,104848358,40532834,55996473
NDARDN829VXQ,97598496,66243035,83893573,65959734,81022531,80243690,45283207,76016561,47009561,46536794,32428898,55336220
NDARDP133RHF,0,0,0,0,42427715,0,22197840,37958241,30663429,30522950,21828783,29159875
NDARDT501GJR,0,28438415,34137260,32932690,35924012,39073329,22280471,33809572,23002411,22157252,15969799,27611851
NDARDU912NH6,0,0,45405040,45546735,75608053,45533118,23338462,44484157,24022234,23249074,16755947,28945300
NDARDV402HAG,0,34275742,41908156,0,41678456,0,24525650,77820414,29561828,23586834,23801989,29186102
NDARDX744RWP,0,0,33180841,33304526,68664675,41827439,22491470,44272316,24215272,22894804,16865756,28978824
NDARED914ZXC,94381871,104577976,337736355,0,77383469,0,43430884,81408010,0,0,97236082,0
NDAREE512AAT,0,61126376,0,0,412864245,0,0,0,84948250,85256348,0,58463150
NDAREK856CL2,120249361,71600520,65335679,83834817,79792078,90933167,44320653,87342686,45094365,45298616,31390079,55153918
NDAREL052YBF,0,27858043,0,0,0,0,20747602,38052314,27841845,26102212,19630482,27042462
NDAREL747HU0,157954561,90763543,72366602,64072868,67709872,92780072,59014396,119364876,45150097,43175963,31411984,53641499
NDAREN271CMZ,0,39486941,0,0,55814217,0,20644180,32111205,0,25735052,146630817,26626110
NDAREN375UL1,0,30825284,34574522,34374792,36864096,39834648,25735138,51621929,24199119,23211367,16641811,28823121
NDAREP646ZG1,0,0,0,0,0,0,0,0,0,0,0,0
NDAREX063EMH,96480950,68304285,69049898,70065622,79528740,96360745,48700316,106212608,48840289,47090098,33629386,57771774
NDAREX420NW4,98617827,0,0,0,0,0,88410738,77539131,55493026,73014476,59569041,53981554
NDAREY465EEQ,0,34157580,37040235,36692710,45970913,43364218,51684265,40160943,24432381,23264264,17091048,28275680
NDAREZ293FKX,0,39760923,64062501,50200526,35343077,61904073,28746729,85247898,22955711,23560331,15910408,57881004
NDARFA106HC3,114486259,75879544,73056872,65872672,76418538,80082802,48525178,122168287,48476313,48076399,33584304,57401159
NDARFD818MHL,96894127,88024342,69383626,81821192,68421216,79821582,42355693,50731525,46450274,46011386,33029485,57603935
NDARFG523MRR,0,79109955,36112775,35184481,46666867,42805257,24965621,52432325,24853281,23453756,17023579,29264924
NDARFG948LTC,0,81393905,33745433,48657120,41824653,39166952,22699467,37120520,22764238,22345189,16044086,27631360
NDARFK781FVV,0,28384523,30791057,31674573,33851703,33897076,21501464,40251750,22306828,21505231,15505770,0
NDARFM001DJT,93736305,83530255,65229787,95490404,84109180,86363575,43140981,70791525,46365050,45779444,32156473,55740317
NDARFM308VFM,0,46794963,34999601,39256748,38494657,40871845,23881041,98936317,23620948,24039619,16229557,27837264
NDARFM804CCN,0,31802067,0,0,38581781,0,56394114,43402669,111632062,26348098,0,0
NDARFP099KKE,0,43821392,45059688,0,34893921,0,34160566,35823189,23638862,0,16527906,0
NDARFU913PUN,0,0,0,0,0,0,0,0,0,0,0,0
NDARFW850UPV,0,0,39895050,35412152,38590780,49128221,21876024,44407636,23584706,22067637,16258748,27940007
NDARFY273LAN,0,0,0,0,0,0,23724797,28368414,29917322,32965291,21783499,28590691
NDARGD557ERJ,104023780,0,0,0,102312952,0,0,236881090,4768395,0,0,0
NDARGE263FL2,116838429,98731182,81065360,76164793,98280216,85322763,60350315,54934790,46930152,46061131,32439487,55072764
NDARGE544ANE,101773130,0,0,0,107855368,132660589,46469184,67975704,70347546,0,33464880,56759831
NDARGH483FYP,0,77630357,72974487,65616440,0,64654502,0,0,43740520,41519228,30257019,0
NDARGH998HWT,0,28680013,41147694,37664708,35831094,43538461,22357178,37220301,23442768,22561117,16271452,28155184
NDARGJ290VBV,98887225,66077110,0,0,84306898,0,45397215,76444515,55923217,55716145,40625175,57263110
NDARGJ629XYW,0,37607605,53390641,36037616,40718232,51224018,47426472,69481180,24529157,23365153,17392139,29257482
NDARGL082KKM,0,67613776,35898818,0,35951637,0,24010190,30746551,30452074,28643961,16585819,29094096
NDARGM013VA6,100138356,66833267,65270667,65770378,69967274,78855836,43553193,66727044,47318725,45870158,32573597,55592757
NDARGN677GZA,104145234,68391887,67460424,67173956,81522619,92108636,48226562,59685468,48534398,46799591,33639310,57686492
NDARGP802JFT,0,96686442,0,40037811,37809574,45421565,21957348,34165267,24279707,0,16802489,28875740
NDARGZ538GPC,0,0,0,0,0,0,22815111,61965781,28555623,34074015,25536558,28819642
NDARHC796UK7,49747637,0,0,0,0,0,114514668,34528226,51356751,0,0,0
NDARHE325RDE,0,0,0,0,0,0,24671325,39605676,28555772,26999856,23162082,28344623
NDARHE344VG3,0,0,0,0,0,0,0,40673565,38141199,25502409,20180181,26419713
NDARHF049TYW,2569,29270685,35232030,78125742,38168171,55493301,27868294,73053114,23557271,22470015,0,28673169
NDARHF971MRJ,102414749,70067309,75456466,63162390,72468395,0,92690185,110456063,46573849,47421833,32012898,0
NDARHG121UWG,0,30042478,54480686,33770718,42187796,41262975,23768601,35410794,23891928,23548577,16552542,28638336
NDARHL007LNG,0,0,0,0,37513838,0,23812880,37522583,43886582,35997780,22103446,28516041
NDARHU002XXQ,206631514,0,0,0,0,0,0,0,63534783,53702810,41381832,57266504
NDARHU274MFC,0,29777227,35622946,36149340,40156648,50862684,21654514,37561740,23809653,22674709,16410041,28326323
NDARHU667LFJ,127334344,71436345,59449552,62714957,64611942,79316402,41513609,91063003,43645791,41909094,30180251,52314745
NDARHX444JBZ,0,29826921,51519579,38908229,36016923,44270174,22764102,63447249,23608205,23371327,16295543,27971149
NDARHX810LFM,101495916,88057256,83368130,86606826,71885288,94888011,44854948,80425628,47720573,46198786,33120477,56747150
NDARHY485CGE,116201035,80074614,63101242,34476490,79741501,0,46974019,59321241,46001770,44366634,31956636,0
NDARJA084GH1,13006543,0,0,0,0,0,0,0,37450155,31083039,29244799,26589976
NDARJA656KEL,98673467,82737061,68664756,78918414,88827989,80503273,47518629,85266288,46354391,45535087,32043615,54675529
NDARJA908VR3,0,29697670,90488127,34987925,41643187,42716057,22156595,43339418,23920447,23063695,16470899,28526116
NDARJB316JYA,0,0,34238466,34215133,41534226,41497087,22313456,29155656,23506030,23498893,16519256,28453859
NDARJB469PKH,94639371,111746404,71562806,68420464,79367377,92241897,55369006,58196160,44613381,43429825,30989574,0
NDARJB706ML9,97650379,68231899,65368405,64220324,73646591,98259253,44086404,70278873,46252314,47235817,32045987,54980216
NDARJD209FR6,106879028,289731706,0,0,174804477,0,127631008,66868936,87067418,46946543,67448236,0
NDARJG963EN3,0,0,0,0,0,0,22420651,42622916,28388059,26923187,30485846,28359427
NDARJH611URF,90863693,81805941,63222604,63588758,77180282,77145399,42386314,80697426,45988445,45489162,32762141,56403417
NDARJM821GT3,0,0,35429660,35105867,40504927,41465034,23058312,30865697,22824685,21922608,16143375,27098018
NDARJN021ACG,124352231,91203393,82479737,78805417,115141537,0,59783611,82074402,47559455,45902847,45157726,56204076
NDARJN572MH0,0,0,0,0,0,0,21681821,42447382,26497247,25746805,19141613,26772941
NDARJT708PRT,122753957,67308870,67940333,90006055,114015247,98360263,45545539,86471049,47279269,45276223,32374009,55827136
NDARJT735TBT,0,29457732,36442661,41029464,43168208,0,22515720,42461014,28518409,23111861,16539403,28624231
NDARJT898XFP,73356871,94279634,45013103,43613859,54545471,102135031,34976368,93573752,23776215,22414522,16137283,0
NDARJT919AGB,0,29825969,34213425,33548668,36041430,46952343,22385004,60353382,24039478,23295789,16475638,28491705
NDARJX241BET,0,0,47961493,37239309,41295039,0,24333913,46105222,24543258,24185286,21703392,29260448
NDARJX281MB6,99187634,76055438,67376599,65013294,71325360,80429610,51755315,111503715,48566665,46786446,33299697,57426323
NDARKA137FMR,96798993,99141933,72594538,80478369,78274604,96443077,50641432,77394788,46790629,46261370,32298992,56279724
NDARKA639VY2,0,28632889,33959346,74927468,42210522,0,23522155,92791957,28098212,22529625,16092642,28243946
NDARKB007HRH,55021362,134102088,0,32909576,40138375,0,22168648,50382025,0,0,15734601,26904576
NDARKB505WK2,0,30128357,63040459,34344730,36409285,41069946,23362191,42799016,24456252,22831226,16528158,28637761
NDARKB797MGR,98556624,0,0,0,212470054,0,63179560,120261549,0,0,0,0
NDARKC771CAT,0,0,0,0,45994249,0,63645379,61109807,29593976,27330217,22733169,28185785
NDARKD633HLD,0,411169258,67542160,75176343,0,84012887,0,0,48909265,46770183,33618342,57588656
NDARKE935GNU,128079750,679550699,0,0,64421230,0,91672571,106229045,0,0,0,0
NDARKJ237PC1,0,28260319,33292258,33639287,35175137,40446678,21686269,36873733,23765347,22458142,16315094,28061639
NDARKJ645MR7,117748633,84759205,93575068,112382079,0,0,45491073,63394455,48361050,46875801,48126314,56963753
NDARKK548UXW,50109404,30618215,35552729,48433870,43717581,41338056,27813937,33682992,24047753,23811527,16633334,28882006
NDARKK665GC9,0,38399891,40482581,42710224,50018219,45121123,22584419,45548129,24538217,23277209,16461645,28812659
NDARKP572NNC,99679754,77701685,0,0,85848772,0,66253669,89244131,73952464,60260108,40637886,53943494
NDARKR676BVB,0,0,0,0,59280228,0,23337999,31123151,28453626,27087150,20738464,28503051
NDARKT854CKY,49108057,29404149,0,0,35221503,0,31945200,44845230,35469111,32946526,24789176,29468997
NDARKV002ABE,99763749,89317614,66365632,77276254,71408093,80339199,46151997,75843801,48432390,46043114,33377894,57325259
NDARKY156HZQ,0,30047060,42270700,37604486,43712545,41733645,24788943,36963884,24345797,23278650,16843962,29197156
NDARLA605AUE,105738171,65871011,78610804,63365061,77442605,79065405,42859346,66185926,47377741,45360834,32561385,56289321
NDARLB226BHT,0,0,100741147,0,74401396,47155821,22392301,35750428,0,0,15811160,27311143
NDARLB355NBE,93358216,79512758,108428653,90476791,75544869,88739583,56989046,65420877,47450846,45357172,32520787,55220641
NDARLB583HFU,0,0,0,0,0,0,0,102477433,0,0,0,0
NDARLG292ANV,102961292,79771368,66149140,101063995,79991611,78362556,43624408,72221399,47448647,45883075,32982138,56660982
NDARLJ808GWT,102627389,68639578,0,0,104162472,0,114918326,42657181,58485441,75757357,102952817,56289268
NDARLK209LAR,128251594,0,0,0,0,0,0,146831830,55431928,64879909,56171342,55958026
NDARLM193AN5,0,29097273,37669990,53298440,36086517,83937824,31872784,0,23592691,25512351,16352865,0
NDARLM287VZ9,0,29296461,33530100,33583819,36873229,35782791,23474013,46044732,23960354,22783715,16483848,0
NDARLP687NXT,0,36454473,36060952,39943549,45508997,41579056,24319397,40781817,23423314,23097812,16206061,28106004
NDARLR078GUL,117641432,265741406,0,88274061,91751246,126170350,0,138712880,46702961,0,32179361,56205619
NDARLR811ABJ,0,0,0,0,0,0,48623109,22902367,27957814,25265037,19790224,25823215
NDARLU018MNV,57774021,43612131,47322038,50910014,45864584,52016562,30064485,44229436,23432532,22384896,16423023,27833426
NDARLU924KZ1,97939464,134530209,0,0,0,0,43763188,71850121,76032785,55701414,51259962,56045521
NDARLV267GLZ,0,41072070,38789192,37397842,48048884,44481169,23549641,36549320,24861583,23842930,17227106,29797026
NDARLV388VLU,0,0,34786201,45346008,43007050,44847263,23261411,38390200,24981700,23565238,17128344,29222904
NDARLW141KCB,138299855,77573619,111141999,98146263,94839089,89036045,75133526,101270220,45683321,44467405,31858949,54239333
NDARLX113UX2,0,0,47532163,40154798,46316993,48294499,33080149,47107644,24584229,25795278,17008031,29496674
NDARLY404AT0,13999680,31036872,35485515,36996974,44457696,0,51964124,47540207,23864713,22825425,69022397,28489998
NDARMC098RWA,177731030,117883775,0,0,88091387,0,60475209,115813968,47891755,46001127,33267820,0
NDARMD472JPD,0,0,0,0,0,0,60689821,20585950,27795396,32307626,20907219,28857440
NDARMD968NG6,90908225,68156968,71819386,75560901,88746226,90927869,45642926,88219600,43104303,42146396,29475264,50600235
NDARME070UY0,0,0,46326720,35519396,41555879,43666782,23419292,37935257,24345197,24098713,16974428,29233906
NDARME353RCF,101584470,74567469,90232180,75433002,96302073,90756402,49738749,84320089,47778565,45904041,33168183,57532524
NDARME881TTR,127156369,86488548,0,0,105724268,0,138103369,16556797,0,47069138,0,0
NDARMF860RFV,0,91772007,85821171,46866763,60263764,0,25487305,37804245,24356801,34454246,17247770,29005794
NDARMH305FWL,101330778,69384481,67973970,69562249,84600707,71510746,43903091,74500267,46893887,44604940,32983695,0
NDARMH607TBW,0,35798165,56830276,31903581,33606732,38261524,20843987,33525059,22359626,21620231,15432200,26489923
NDARMH835BVW,0,0,0,0,0,0,0,0,0,0,0,0
NDARMJ391FA7,0,0,32857170,33142993,54217090,39894924,22274879,42547097,23848879,22567416,16289149,27819060
NDARMM883AKG,0,28632966,32411626,32995811,38983834,41906467,21904646,43914269,23755441,22912647,16510726,28367376
NDARMR182HX3,2596,29292677,0,0,36043692,40868878,40011685,0,24008804,26903106,20538621,28205772
NDARMV141ATL,0,0,0,0,0,0,0,0,53980690,52347672,39815646,56447306
NDARMX705VWY,114174367,85232063,108451764,81746478,79677819,106574726,81445238,112632840,48149082,46737653,33121520,57239958
NDARMX900YT7,0,0,41797321,34692423,41632076,50587392,26179641,48975918,23930377,22898432,16557476,28449592
NDARMY680URF,0,0,38277253,32807574,39647220,39349026,21849591,38737333,23618930,22204939,16250914,27807460
NDARMZ631GVY,100309745,105857578,0,111216397,83914013,122696527,80062889,90127945,49077593,67412541,33729237,57875964
NDARNC716ZZ0,197114970,140434973,59478294,0,124200405,68433741,108810189,69930591,52625025,45871553,32988175,56957258
NDARNG792YGE,150832971,100438397,78220302,70817738,123722179,93655287,55718384,92648601,48248560,46374874,33513981,57627836
NDARNH808NUU,99800991,69906308,67901169,68775630,84653028,103650691,47490895,74722627,48828577,48443427,34125474,59144809
NDARNK157VFZ,0,29764735,37160992,34173589,39368714,52676481,22504617,42211267,23957316,23259774,16664694,28536032
NDARNL140GMH,98375782,70633344,105786176,66955958,96135753,79406209,45710178,66472459,47526587,45093552,33108471,56399462
NDARNL778FNY,282723799,0,0,0,0,0,0,0,54954052,54756873,41358834,56369411
NDARNM033ZGL,157468343,0,0,0,162750009,0,36868714,71276593,0,0,0,0
NDARNM612JC1,0,29803593,33634379,39554491,42429866,35675857,22823352,46154645,23650684,23458570,16224438,0
NDARNP440GEN,0,53079027,102836360,0,37019270,42388418,23182784,46798244,0,0,16606072,28783630
NDARNU171UZM,0,56151264,0,0,34617367,0,35997185,83741932,29405528,0,50805096,27877903
NDARNY325WWL,0,0,96480608,0,90181491,38580896,23270683,32033531,0,0,16033959,27478127
NDARPA193RJR,0,31167237,42109085,34546144,37449348,53115665,34660418,57381621,24160858,23340400,16666767,28734434
NDARPA588ELA,0,31356705,43421104,35127917,37115842,41667409,22763398,34553711,24103241,23243989,16964777,28877033
NDARPA837BMM,0,0,40854142,61438346,42275055,54341601,32490896,40338551,24348905,23451616,16931085,0
NDARPB186VFF,95699980,63213701,71091887,63529878,76714608,69295125,73890576,77926810,46003803,45151325,32098605,0
NDARPC602MH8,93171415,41543781,63521594,64274355,46425764,77342141,22974780,46483051,27824449,27007841,21474113,27793515
NDARPE073VRC,173569944,0,0,0,0,0,0,0,79634698,52318124,64605106,54570379
NDARPF246YW9,0,0,54154824,35113129,44376611,40587124,24036503,34354347,24092324,23351885,16575498,28641947
NDARPF685LFK,0,0,0,0,0,0,30651158,41947872,27856375,36303411,21860699,27958259
NDARPG323TJX,108523543,90455206,92079929,92805610,83991618,0,51600030,76663820,45867477,46237563,44046501,55868156
NDARPG836PWJ,126086416,67429317,66923164,67206723,69967462,81091196,48528427,132356504,47144751,45303484,32739553,55160537
NDARPJ242AEW,0,0,0,0,0,0,0,54823862,47680796,29586619,28323220,28924144
NDARPK382CJE,0,28212803,54572538,40692706,35809636,38553117,20509745,31355473,23120568,22262577,16040614,27778769
NDARPT628XJY,0,0,40816881,37723879,100822818,61666487,23077431,41404789,24068733,23725498,16687140,28658544
NDARRC913TGF,0,50237814,0,0,42508208,0,32309197,49465086,36564450,33948801,21486822,29089394
NDARRD049JBW,0,43036022,35930850,32924541,40388415,93425224,23889872,64407180,53252002,23624591,0,29053101
NDARRE748ABB,0,31159039,33438630,35194825,40467176,74632308,23553673,42546184,23234110,23655806,16066623,28160691
NDARRG932VY9,47926388,28824698,40443203,56494091,37460540,46030495,23381929,40637725,23786740,22813901,16319985,0
NDARRK344CBP,0,0,0,0,0,0,22632919,37097637,28826849,27766422,21666663,29081141
NDARRK677MEX,0,0,40862365,34800298,66140457,41034543,22825756,33638871,24457866,23535546,16681171,28669050
NDARRK924TXM,0,30664502,79659343,33906650,42837065,41619907,28364788,46988592,24462094,23017224,17364150,28877974
NDARRL539CFK,0,30485831,33022842,33636614,37930821,38876185,23651871,47515685,23295076,22993783,16073602,0
NDARRM101HTX,61912428,0,34839824,34876806,57328949,47098673,31423845,54180106,24754010,23933780,17137309,29459013
NDARRM546UE6,0,0,0,0,0,0,0,0,0,0,0,0
NDARRU798JJE,139368325,96096942,94595720,127028633,164685016,124585826,65176727,79414974,47387325,46076326,32922520,56470231
NDARRW992LA5,99110458,69030291,66290772,66818053,79940994,80930759,56065461,73385543,48745580,47468891,33827026,57866896
NDARRZ416JNT,0,52725098,35824862,32772073,35248544,43569773,23158462,40983827,23457277,22205309,16619911,27962555
NDARTA315UTZ,0,30546078,34493496,34635242,36723880,53839383,22727727,38647524,24817098,23724745,17190006,29592400
NDARTA421ECP,0,28699610,36125706,36881773,35873825,41037091,29254772,34477232,24368233,21246835,16446692,27794075
NDARTA658MAU,2018,35450832,40470099,34998058,0,0,104168282,57269600,24337802,28416449,16825694,28759390
NDARTB684URJ,9425522,64814504,35962627,34623464,39957052,41668466,24101597,76558917,24851716,23847627,17270694,29544563
NDARTN385XB2,104393731,80475220,0,0,80485227,0,56151829,65538552,64802195,79947299,43049988,56814790
NDARTP117MFZ,0,0,35171561,34164097,48626606,41773258,25304743,41064340,24540611,23265078,16795579,28919847
NDARTP360FA8,0,47813069,0,0,37093806,0,23567010,29156997,28748408,27827315,21158999,28929420
NDARTR194XG1,121988110,0,0,0,0,0,139087143,75630565,57006782,53884206,41186242,53580544
NDARTU613JPA,91976696,65900616,0,94841254,67377228,69307275,41165872,68361079,0,44564703,31230717,0
NDARTU722UV3,0,29973599,41761636,40593139,69257039,55490595,22292376,57084382,23314475,22477124,16110654,27642340
NDARTX042KFJ,0,32443404,51215346,52190024,52856115,63544712,24740347,51933165,23891125,23035285,16478879,28113263
NDARTX159EKA,65220584,35977687,42279740,44511533,39932665,48379980,22989762,60153493,22588744,21748468,15290372,26490103
NDARTY633WNU,112456184,0,0,0,256207280,0,0,115859139,48610044,0,0,0
NDARUF583HPJ,0,0,33778057,34414421,43589503,42221740,22502073,34032114,24208514,23081658,16613874,28778851
NDARUJ393MLB,0,29001444,36543782,34402737,43073159,45565169,22746438,36846912,23480536,22600759,16237494,28011888
NDARUM504ZMX,0,33285589,44840978,33860995,43369001,45789588,34883816,38923266,23557933,22525728,16164038,27338502
NDARUM615YTX,0,0,0,0,0,0,0,0,29690517,29292308,21316232,28848375
NDARUR715AU1,0,29820718,63897742,35304816,44067999,43305204,22858645,32507855,24256556,23359561,16711726,28758299
NDARUR867FT8,99571514,68007575,68025673,105927960,83153946,0,43986515,75030003,48725228,47246792,41919177,57726776
NDARUU127KGG,0,28756853,35736484,39708786,39186355,40087350,23045670,34918474,23741074,22816070,16374124,28096394
NDARUU972YP5,140843157,77926407,65718822,125594880,109220098,113917861,102201818,80820525,46988697,46341013,32523321,55790366
NDARUZ062TR7,101112279,93538256,75477160,66954253,71948242,88431426,46842359,73644539,47273238,46185477,32895768,56064192
NDARUZ436LDE,116520957,95945074,0,0,71218772,0,58835297,114805013,61749760,59759643,49504180,58786716
NDARVE660EDT,137124382,0,0,0,0,0,0,0,58861135,54457662,41469867,57409656
NDARVF993JYD,0,28361273,66620905,32352705,36949680,39246983,22067853,31689419,23203683,22025982,16051167,27579653
NDARVG441WR4,0,0,0,0,35386956,0,22919967,37092763,27236164,26645522,19765034,27147489
NDARVL005LNC,111937962,70621295,84078309,67423162,82621251,93333807,59679867,73222346,49253601,48036396,34005643,58484589
NDARVL016JY5,96311112,89863208,0,0,83396270,0,44754364,102363257,55715342,75478297,40889003,55511609
NDARVL173RVX,0,0,33155992,31101977,36180076,38044186,21453129,37062545,22856189,21659706,15505996,26827522
NDARVL515DXJ,0,0,0,0,0,0,0,0,29700966,28326299,21342796,29298415
NDARVL845HTZ,0,93153379,0,66989662,35653423,0,23448183,34541028,0,0,16251623,0
NDARVV405XEK,10483162,210537156,35704414,35034368,50610027,41321433,23283207,45724769,26456890,22881287,16651890,28377524
NDARVX405YW4,94036021,86750908,62384522,63060908,67833439,86179987,42745936,65412506,45531063,44072785,31791830,54538622
NDARVY677GMY,0,0,0,0,0,0,0,0,23719425,23060245,16370877,27983523
NDARWC871NVV,0,29880505,34990819,35635081,36488462,47509954,22615029,38306912,23725054,22856690,16435529,28235285
NDARWE883MZG,42686316,165377367,0,0,83418656,0,25688197,31492376,35914611,0,69990448,0
NDARWF755EAP,0,30168303,46496459,51271708,40371123,43420155,23825044,41957891,24469329,23227720,16778547,29230341
NDARWH621NPQ,0,0,34863211,39268112,45564364,0,23473170,44304162,23987122,22896208,22313996,28152502
NDARWJ500KB0,0,32922554,112317163,0,45749936,0,25694327,50107225,0,23780663,0,0
NDARWJ953ET6,0,32878675,35622601,38479314,45175744,42014654,25246722,37043756,24220831,23038095,16803306,28821527
NDARWN716ZHB,0,30020058,41418973,35023175,36198051,110802923,46530590,33114123,24058462,22736358,16477281,0
NDARWU220LTU,0,0,33837804,35126087,47090441,69666349,35777980,35986388,24321581,23298222,16768863,0
NDARWU967KZZ,226387930,0,0,0,0,0,0,0,100748994,62366324,57639254,57145950
NDARWW192XD4,0,0,0,0,35398204,0,23859943,42363345,27889799,27510398,20357034,27809057
NDARWW255YVV,0,29807384,42237406,0,36260384,0,23070404,52989623,29588869,23355334,16950276,0
NDARWY111EZP,0,0,0,0,0,0,0,383380076,255844432,47903539,42822846,0
NDARWZ200JMY,0,28673704,40952067,33417727,39788022,40356475,25058423,107180313,23559217,22660220,16260673,28104431
NDARXD533AD2,0,29742629,40757845,38916299,36740235,35827169,25843954,39802253,23421234,22681355,16261672,0
NDARXF294VW8,115526436,69958051,117037587,107388804,92423654,120252955,57242966,75032951,47440340,45690333,32707383,56590031
NDARXH258BPV,0,0,0,0,0,0,19276009,30237030,24423888,24462420,18103421,24700886
NDARXH781ECX,0,720730493,85533506,66861741,0,96696633,0,0,47370440,45187567,33165954,56793254
NDARXJ276RAB,106563719,104220156,96979203,87221548,85650042,71835386,45871831,68655300,95505683,44038688,31974105,0
NDARXN408NTU,98098829,827457601,0,0,0,0,241590546,105807181,0,0,0,0
NDARXT395LXA,0,0,44728269,39792908,77361890,44325868,31720806,29353994,24375228,23653470,16747041,28662683
NDARXT793EGH,0,29763362,34144276,34433706,46307826,43671537,8305777,38455485,24740260,23231287,17054274,28901962
NDARXU726PJK,124469309,0,0,0,0,0,0,118901174,94719687,81965525,45111374,59616266
NDARXU991EN2,0,118224382,0,0,34818899,0,39250808,43592063,28027623,27962675,20565352,28869446
NDARXV571FAR,0,0,0,0,0,0,21043600,48057968,26259098,26380018,19462976,26237198
NDARXV730DZ8,0,0,38742596,33153500,105667344,38298310,22167779,100986942,23272228,22360183,16132206,27669693
NDARXX473KC4,327729,108509093,0,0,94932752,0,42694125,90547135,69232173,91154481,72431336,52103979
NDARXX854CJ9,98665014,73172373,62785594,68276878,77477376,85584692,44305704,92386345,46023228,45049258,31665901,54298516
NDARXY467BKN,157339152,0,0,0,0,0,0,0,52696833,54990767,69429989,54394089
NDARXY545VZG,0,30116084,33694668,33268658,40342888,40404080,23138402,39824283,23786155,22676408,16357233,28260648
NDARXZ483WYQ,0,37020263,35212506,55846715,37087274,35995098,23089744,36234358,23953999,23515725,16636017,0
NDARYA871AVK,0,30834986,33447045,33792802,37521849,83008975,46040528,95209848,24274524,23575396,16859892,0
NDARYD034VHM,0,0,38276854,0,71768156,0,24445783,40474633,29703361,23432403,22490428,28938365
NDARYD337YKP,0,31261682,36620177,0,47602733,0,0,53658280,28879935,62337223,23460106,28888766
NDARYE066TFW,0,29055092,0,0,35500985,0,21705695,99526115,38494564,26284594,19830065,27143771
NDARYE572ZCA,140858315,72890686,68177480,77557963,77100230,108002114,107809008,46620547,44597991,43381527,30950991,53631391
NDARYF940LPC,110770957,119993175,124629717,77561486,104869137,0,48163275,93692543,59785646,45780809,32638389,56236043
NDARYK906KF0,0,0,0,0,0,0,0,0,27523845,26371283,20631333,27536790
NDARYL950DBT,0,35436900,36424956,34300700,66360282,40849951,24372300,46116540,24182460,23424151,16779709,28968679
NDARYM328NWA,101113004,78457653,0,0,81420983,0,46419677,66530041,52850423,52046085,31798579,0
NDARYP207TKU,0,29680155,34612996,33713880,42211772,0,39576121,72881134,23669929,22971392,20861709,28216472
NDARYR926FV3,0,0,0,0,0,0,0,0,30161092,29016466,21430502,29623206
NDARYT112RZY,0,31172449,34884673,34843730,48278801,44719527,22676434,74430357,23853209,23769986,16648458,28648972
NDARYU003PUB,0,30096047,34190455,33824678,36157559,40430155,22106495,48809191,24349068,23485052,16750138,28937678
NDARYW598LYE,0,32497931,37741351,52320219,45566159,42136715,32045045,40505186,23659867,23527600,16313008,28139969
NDARZD915XRV,0,40128139,41176363,36966120,39180167,47125091,27874327,27036893,23412022,22864011,16162897,28008112
NDARZG173XE5,0,29939972,35147802,0,36724177,0,22900923,48682627,30104343,23298406,21116790,28100772
NDARZG660VB7,0,0,0,0,0,0,23016149,32420519,28975469,28179417,22329239,29419209
NDARZH220BVK,0,0,46710174,34354283,42409464,40698598,23347682,77988652,24046066,26862844,16647510,28704905
NDARZJ567AVT,0,31111880,35146126,37078833,43146296,0,23434270,52958791,23867463,23172624,47037055,0
NDARZL109NXE,121545896,72895901,87829987,94049971,92615248,107439384,51577764,94037482,48011044,47712087,33219866,57309438
NDARZM353LTP,0,0,36552589,33496517,43538840,42263856,23164807,36497379,24201960,23468862,16873159,28977995
NDARZM596RDP,0,0,0,40143650,96922790,44179104,23813458,33572710,24411128,0,16814635,29142941
NDARZN014RRW,288992295,0,0,0,0,0,0,200120242,66303919,55895000,49581356,56411030
NDARZW883MRK,0,30501191,30352090,36255224,39659761,40238475,24256358,42471048,24021746,30269154,16518402,28143855
NDARZX187CH9,98846817,68880193,68409383,88482845,76148972,81848321,45242868,65504425,48708763,47524373,33710953,58113270
NDARZY458TN1,125658089,81847334,34619548,35119087,43472264,40626346,24269301,41274693,23930826,22933432,16443448,28271040
